12443643,M421-807,Honda,Fit
90467829,P985-495,Honda,HR-V
80310768,M982-853,Honda,Civic
89941095,P860-616,Toyota,Camry
90467829,G189-507,Nissan,Navara
75945248,P939-759,SsangYong,Korando
80310768,G752-478,Honda,Civic
12443643,G926-575,Honda,Accord
81528434,G377-489,Hyundai,Sonata
86429854,M580-968,Hyundai,Tucson
12858682,M207-572,Ford,F-150
47844325,G835-830,BMW,Z4
80310768,G893-799,Mazda,Mazda6
75348522,G113-951,Mazda,CX-9
88167677,G264-957,Toyota,Corolla
81485316,P486-917,SsangYong,Tivoli
80457845,G616-581,Volkswagen,Tiguan
47844324,P618-120,Suzuki,Jimny
89314225,P355-270,Toyota,Hilux
88167677,G325-333,Hyundai,Elantra
74325123,P905-539,Nissan,Navara
81799482,G605-765,Nissan,Altima
48528209,G262-654,Hyundai,Elantra
12443643,P235-315,Suzuki,Swift
89314225,G760-721,Hyundai,Accent
48528209,G958-240,Toyota,Corolla
84186239,P582-282,Ford,Fiesta
12270502,G855-340,Ford,Mustang
48450395,P692-666,Toyota,Hilux
79766395,G485-562,Nissan,Navara
73567806,M993-637,Suzuki,Alto
86718074,G368-136,Mazda,CX-5
73972114,M862-577,Toyota,Land Cruiser
75945248,G450-448,BMW,Z4
87495937,G329-867,Mitsubishi,Pajero
89941095,G226-459,Nissan,Leaf
77367073,G974-598,Honda,Accord
81799482,M359-944,Mercedes-Benz,Clase C
80310768,M267-848,Volkswagen,Jetta
48528209,G402-859,Toyota,Camry
75348522,G841-644,Toyota,Prius
81528434,M832-314,Mitsubishi,Eclipse Cross
79672079,P599-629,Honda,Pilot
81528434,M837-854,Ford,Focus
73567806,P426-388,Toyota,Land Cruiser
47844326,P131-278,Volkswagen,Passat
86429854,P364-899,Volkswagen,Tiguan
77763722,P163-421,Volkswagen,Polo
89314225,P152-838,Mercedes-Benz,S-Class
77367073,G542-724,Subaru,Forester
88167677,P665-969,Hyundai,Sonata
12443643,M483-214,Ford,Explorer
81799482,G592-689,Kia,Carnival
12270502,G266-362,BMW,Z4
82031355,P386-900,BMW,Serie 5
81485316,M500-707,Kia,Sportage
73818744,G662-512,Mazda,CX-5
86429854,M510-956,Toyota,Corolla
73567806,M666-407,Suzuki,Swift
77367073,M655-400,Kia,Rio
75348522,P310-575,Ford,Mustang
88167677,M366-914,Mercedes-Benz,Clase C
90467829,P863-768,Toyota,Prius
90467829,M844-240,Kia,Forte
89941095,P474-593,Nissan,X-Trail
87282766,M440-802,BMW,Z4
81485316,G156-830,Hyundai,Accent
13219606,P201-291,BMW,X3
88854166,P324-421,Volkswagen,Polo
74325123,P770-513,Mercedes-Benz,GLC
86429854,G374-384,Volkswagen,Jetta
79672079,P282-128,Mercedes-Benz,Clase C
73972114,G657-925,Mazda,CX-5
47528229,P325-365,Subaru,Forester
48450395,G328-654,Mercedes-Benz,Clase E
82870470,P478-603,Hyundai,Veloster
12858682,G520-337,Kia,Rio
89314225,G256-432,Mercedes-Benz,S-Class
75348522,G938-356,Toyota,Camry
73972114,M646-319,Volkswagen,Passat
75945248,G721-932,Toyota,Hilux
85501710,M651-665,Honda,Civic
12858682,M137-958,BMW,Serie 5
77763722,P482-255,Nissan,Sentra
81485316,M774-204,Nissan,Sentra
88854166,G411-657,Kia,Sorento
81528434,P325-587,SsangYong,Musso
48528209,P156-716,Nissan,Rogue
79641328,G734-120,Kia,Forte
73818744,G393-114,Mercedes-Benz,GLE
75348522,G744-786,Toyota,Land Cruiser
73567806,G458-550,BMW,Serie 3
80457845,P670-603,Subaru,XV
47528229,M466-711,Nissan,Navara
89941095,G138-788,Ford,F-150
19568447,M907-605,Hyundai,Veloster
80457845,G874-915,Subaru,Forester
73972114,M655-864,Nissan,Sentra
88854166,M257-722,Honda,HR-V
89941095,M708-335,Kia,Rio
12270502,P246-429,Hyundai,Elantra
48450395,M317-350,Honda,Accord
81799482,M561-874,Kia,Sportage
13628871,P203-441,BMW,Serie 3
12270502,G991-678,Mazda,MX-5 Miata
73972114,P255-643,Hyundai,Accent
13219606,M312-270,Toyota,RAV4
81528434,G650-450,SsangYong,Musso
74325123,G968-856,Toyota,Corolla
81799482,G635-752,Kia,Sorento
82870470,P516-487,Mitsubishi,Eclipse Cross
86429854,M360-947,SsangYong,Korando
88854166,G568-563,Hyundai,Santa Fe
48450395,P559-672,Kia,Sorento
88167677,M435-175,Ford,Mustang
85501710,P532-434,Hyundai,Accent
90467829,G600-343,Honda,Fit
79672079,M852-620,BMW,Serie 3
80457845,G410-582,Mitsubishi,Lancer
79641328,M512-863,Honda,Fit
74325123,G214-608,Hyundai,Tucson
77763722,M277-299,Toyota,RAV4
81485316,G710-594,Hyundai,Santa Fe
74325123,M348-264,Honda,Fit
73818744,P251-666,Nissan,Navara
79641328,G437-799,Volkswagen,Jetta
79766395,P195-859,Mercedes-Benz,GLC
48528209,G400-314,Hyundai,Veloster
80457845,M912-415,Nissan,Navara
88854166,P131-555,Nissan,Maxima
73818744,G938-342,Nissan,X-Trail
12270502,G250-663,BMW,X5
84186239,G872-544,Ford,Explorer
89314225,M288-737,Subaru,WRX
82031355,M599-949,Toyota,Hilux
80310768,M477-146,Mazda,Mazda3
79766395,G763-950,Nissan,Altima
