Gratuito,174920,xQcOW,PUBG,3246298,2025-10-17
Pagado,839427,summit1g,CODWarzone,5310163,2025-08-07
Pagado,205318,Gaules,Valorant,1767635,2025-11-26
Pagado,473091,ESL_CSGO,PUBG,3944850,2025-07-27
Pagado,659042,Tfue,CODWarzone,8938903,2025-09-06
Pagado,911654,Asmongold,Valorant,1563438,2025-07-28
Pagado,372804,NICKMERCS,LeagueOfLegends,4074287,2025-09-11
Gratuito,508316,Fextralife,Valorant,508816,2025-10-19
Pagado,284793,loltyler1,GTAV,3530767,2025-08-19
Pagado,736592,Anomaly,Minecraft,2607076,2025-09-24
Pagado,482013,TimTheTatman,JustChatting,5265659,2025-08-18
Pagado,190457,LIRIK,Fortnite,2666382,2025-09-15
Pagado,625781,riotgames,CS2,4487489,2025-06-01
Pagado,357294,Rubius,Fortnite,5751354,2025-06-12
Pagado,904618,auronplay,LeagueOfLegends,3983847,2025-09-04
Pagado,716820,MontanaBlack88,JustChatting,2911316,2025-06-30
Pagado,591037,sodapoppin,Minecraft,2786162,2025-11-07
Pagado,283619,hanryang1125,Valorant,494445,2025-08-19
Gratuito,740856,alanzoka,LeagueOfLegends,3445134,2025-11-12
Pagado,368501,CohhCarnage,GTAV,1264808,2025-07-08
Pagado,107245,Lord_Kebun,MTG,434200,2025-08-12
Gratuito,902438,LCK_Korea,Valorant,619382,2025-06-29
Pagado,571960,Castro_1021,Minecraft,2411995,2025-08-08
Pagado,685012,DrDisrespect,JustChatting,4450718,2025-08-10
Gratuito,419753,TheRealKnossi,Valorant,1260160,2025-06-01
Pagado,237810,TheGrefg,Fortnite,3795667,2025-06-24
Pagado,358964,YoDa,Minecraft,1792625,2025-07-11
Gratuito,678521,Pestily,GTAV,616168,2025-11-10
Pagado,549032,handongsuk,MTG,385250,2025-06-24
Pagado,834726,GamesDoneQuick,GTAV,1724316,2025-10-05
Gratuito,921675,Solary,CS2,493207,2025-07-23
Pagado,705849,Gotaga,CS2,2401580,2025-12-15
Pagado,134587,MOONMOON,JustChatting,923448,2025-06-30
Gratuito,657193,DrLupo,JustChatting,4115083,2025-08-15
Pagado,890247,OgamingLoL,CS2,523758,2025-06-01
Pagado,741309,Myth,CODWarzone,6726893,2025-06-15
Gratuito,803152,Evelone192,GTAV,1075101,2025-06-28
Pagado,176495,nl_Kripp,Fortnite,1379123,2025-06-09
Pagado,214356,LEC,CODWarzone,973727,2025-07-27
Pagado,652701,dota2mc_ru,CODWarzone,428284,2025-06-01
Pagado,573984,Fresh,Minecraft,3135667,2025-08-22
Pagado,497201,LCS,MTG,1162746,2025-06-20
Pagado,269518,ROSHTEIN,Fortnite,381918,2025-09-21
Pagado,805392,ibai,CS2,1894953,2025-07-04
Gratuito,621547,TFBlade,MTG,1008040,2025-10-03
Pagado,943815,Sardoche,CODWarzone,746865,2025-07-29
Gratuito,702634,LCK,CS2,934688,2025-08-10
Pagado,184027,Yassuo,Fortnite,1878416,2025-07-19
Pagado,560132,HasanAbi,JustChatting,470123,2025-06-01
Pagado,396480,BeyondTheSummit,Valorant,923689,2025-09-20
Pagado,852067,Dota2RuHub,GTAV,777510,2025-10-16
Pagado,917284,Bugha,CS2,2942212,2025-07-12
Pagado,240519,RocketLeague,LeagueOfLegends,1409120,2025-07-04
Pagado,314875,csgomc_ru,Minecraft,492954,2025-12-31
Pagado,731268,Clix,Minecraft,2035180,2025-08-01
Pagado,408162,Gorgc,JustChatting,391726,2025-08-24
Pagado,258694,saddummy,PUBG,580794,2025-09-28
Gratuito,672830,NoWay4u_Sir,GTAV,383892,2025-11-29
Gratuito,530961,RiotGamesBrazil,Fortnite,1011924,2025-07-19
Pagado,296740,JLTomy,LeagueOfLegends,428073,2025-07-16
Pagado,801346,SolaryFortnite,CODWarzone,1478270,2025-08-23
Gratuito,978025,ONSCREEN,Fortnite,918654,2025-06-21
Pagado,439572,AdmiralBahroo,GTAV,778055,2025-07-26
Gratuito,120687,Quin69,MTG,538532,2025-10-29
Pagado,703259,Trymacs,CODWarzone,1607134,2025-06-21
Pagado,618530,dasMEHDI,PUBG,299048,2025-06-01
Gratuito,295874,sneakylol,MTG,1659108,2025-11-18
Gratuito,587013,NickEh30,JustChatting,1660204,2025-09-29
Pagado,802496,fps_shaka,Fortnite,303671,2025-12-03
Pagado,360198,LVPes,Valorant,587677,2025-09-06
Pagado,976413,Vader,JustChatting,424374,2025-12-29
Pagado,491652,forsen,CS2,1308165,2025-06-01
Gratuito,352860,Papaplatte,CS2,919026,2025-06-01
Pagado,809473,StarLadder_cs_en,GTAV,820675,2025-08-11
Pagado,264951,Symfuhny,PUBG,2355063,2025-07-18
Pagado,592704,DreamHackCS,JustChatting,1801697,2025-06-01
Gratuito,185360,Mizkif,MTG,591653,2025-06-01
Pagado,974825,Rainbow6,Valorant,1501197,2025-11-20
Pagado,453091,stylishnoob4,CS2,354579,2025-07-06
Gratuito,813469,Maximilian_DOOD,CODWarzone,833047,2025-06-01
Pagado,278604,Trainwreckstv,CS2,728097,2025-10-05
Pagado,902671,dota2ti,Valorant,663297,2025-08-17
Pagado,564307,GRONKH,Fortnite,1216020,2025-10-08
Pagado,841290,SypherPK,JustChatting,3611359,2025-06-01
Pagado,630582,ZeratoR,CODWarzone,880728,2025-11-10
Pagado,716048,SilverName,GTAV,614395,2025-06-11
Pagado,320975,Sacriel,Fortnite,672403,2025-12-24
Pagado,148267,dakotaz,Valorant,4520305,2025-07-03
Gratuito,925310,Stray228,PUBG,773712,2025-12-31
Pagado,376054,AdmiralBulldog,Fortnite,694253,2025-08-22
Pagado,715802,pokimane,Valorant,5367605,2025-09-18
Pagado,842691,lestream,GTAV,883706,2025-07-20
Pagado,263905,ybicanoooobov,PUBG,523512,2025-12-19
Pagado,594830,Method,JustChatting,401400,2025-09-22
Gratuito,871405,Nightblue3,Minecraft,2641880,2025-12-11
Pagado,156237,EsfandTV,GTAV,471970,2025-10-10
Pagado,903684,shroud,CODWarzone,7744066,2025-12-26
Pagado,479526,NOBRU,CODWarzone,1549722,2025-06-01
Pagado,532740,buster,Minecraft,1087377,2025-07-28
Pagado,627315,Scarra,Minecraft,1242014,2025-08-06