2025-06-07,Highly recommended,0.89
2024-04-29,Very good experience,0.84
2025-07-15,Not worth the price,0.2
2023-11-20,It's okay,0.59
2023-09-22,Amazing product,0.83
2025-01-21,As expected,0.49
2024-03-13,Not worth the price,0.28
2024-10-25,Delighted with the purchase,0.91
2024-06-02,Very bad,0.11
2024-02-02,Standard quality,0.53
2024-06-02,Great value,0.81
2023-12-05,Very good experience,0.81
2024-08-24,Unacceptable,0.17
2024-05-19,Stopped working quickly,0.0
2025-02-22,Top quality,0.71
2023-11-11,Plain packaging,0.47
2024-08-27,Average experience,0.44
2023-10-08,Acceptable,0.52
2023-11-12,Terrible,0.08
2024-09-15,Fast delivery,0.74
2024-02-05,Very useful,0.97
2025-07-09,Everything was fine,0.83
2025-05-07,As expected,0.5
2024-04-29,Top quality,0.74
2024-05-25,Not worth the price,0.11
2024-04-03,It's okay,0.51
2024-04-13,Arrived broken,0.06
2024-10-06,Very useful,0.88
2025-03-25,Arrived broken,0.1
2024-03-27,Decent product,0.48
2025-06-11,Satisfactory,0.46
2024-01-12,Impressive performance,1.0
2025-02-24,Delighted with the purchase,0.85
2024-11-03,Never again,0.07
2024-08-27,I would buy again,0.92
2025-01-25,It's okay,0.43
2023-12-13,Exceeded my expectations,0.87
2025-07-19,Everything was fine,0.7
2024-09-20,Super friendly staff,0.74
2025-02-14,Impressive performance,0.87
2023-09-03,As described,0.54
2025-07-21,Horrible experience,0.16
2025-06-09,Perfect,0.84
2024-11-10,Excellent service,0.83
2024-05-18,Low quality,0.03
2025-01-23,Waste of money,0.09
2025-06-07,Meets basic needs,0.47
2024-01-26,Exceeded my expectations,0.93
2025-02-25,Defective item,0.18
2023-08-23,Could be better,0.4
2023-09-11,Fast delivery,0.88
2024-07-02,Amazing product,0.82
2025-03-25,Too expensive,0.1
2025-01-01,Not worth the price,0.2
2023-12-29,Five stars,0.93
2025-03-07,Remarkable improvement,0.92
2025-05-05,Very useful,0.78
2025-02-25,Bad service,0.13
2025-08-22,Fast delivery,0.88
2024-11-13,Stopped working quickly,0.23
2023-12-24,Everything was fine,0.81
2024-08-03,Impressive performance,0.84
2024-04-14,Nothing special,0.43
2023-11-03,I don't recommend it,0.05
2024-04-13,I loved it,0.92
2024-07-26,Amazing product,0.96
2024-06-03,Meets basic needs,0.5
2025-02-25,Delighted with the purchase,0.93
2025-04-04,Could be better,0.52
2024-10-12,Very good experience,0.8
2025-06-27,Works as expected,0.88
2024-10-16,It's okay,0.59
2025-07-12,As described,0.5
2023-10-24,Great value,0.98
2023-12-12,Very useful,0.7
2025-02-22,Works as expected,0.92
2024-02-26,Amazing product,0.86
2023-11-08,Impressive performance,0.83
2023-12-01,Impressive performance,0.86
2023-09-07,I didn't like it,0.0
2024-02-09,Five stars,0.83
2024-03-28,I don't recommend it,0.18
2024-02-07,Top quality,0.97
2024-05-20,Stopped working quickly,0.11
2024-06-10,Impressive performance,0.79
2025-06-30,It didn't work,0.11
2024-03-04,I loved it,0.92
2025-04-07,I don't recommend it,0.18
2024-07-09,Delighted with the purchase,0.81
2024-12-23,Unremarkable,0.53
2024-01-31,Remarkable improvement,0.86
2023-11-13,Too expensive,0.23
2025-04-23,Amazing product,0.79
2024-10-09,Delighted with the purchase,0.82
2024-05-01,It's okay,0.48
2025-05-18,Delighted with the purchase,0.73
2025-03-23,Satisfactory,0.52
2024-03-19,Standard quality,0.52
2024-04-23,I would buy again,0.85
2025-07-10,No major issues,0.49
2024-07-11,Too expensive,0.04
2023-09-01,Serviceable,0.47
2023-12-03,Very useful,0.82
2025-01-22,Fast delivery,0.79
2023-11-01,Misleading description,0.14
2024-06-09,Impressive performance,0.88
2025-08-12,Remarkable improvement,1.0
2023-08-31,As expected,0.51
2024-06-24,Terrible,0.17
2024-01-07,Very good experience,0.84
2025-03-11,Perfect,0.7
2025-05-03,Great value,0.85
2024-03-18,Satisfactory,0.5
2025-01-21,It's okay,0.6
2023-11-25,Satisfactory,0.49
2023-10-07,I would buy again,0.87
2025-06-05,Low quality,0.15
2024-11-17,Adequate for now,0.43
2025-03-19,Everything was fine,0.94
2025-07-30,Not worth the price,0.21
2023-09-28,Disappointed,0.21
2025-03-10,I would buy again,0.78
2023-10-04,I loved it,0.96
2024-08-23,Amazing product,0.74
2025-07-05,Impressive performance,0.9
2024-10-12,It didn't work,0.3
2024-04-21,Low quality,0.07
2024-10-18,Great value,0.8
2024-10-17,I didn't like it,0.16
2024-05-22,Very good experience,0.81
2024-09-17,Poor support,0.03
2024-04-06,Super friendly staff,0.86
2024-08-15,Amazing product,0.77
2024-04-07,Very useful,0.89
2024-10-04,Everything was fine,0.78
2024-06-03,Remarkable improvement,0.97
2024-10-05,As expected,0.45
2024-07-27,Terrible,0.12
2024-05-16,Highly recommended,0.92
2023-10-01,Works as expected,0.75
2024-08-10,Arrived broken,0.17
2024-11-11,Unremarkable,0.58
2023-12-19,Delighted with the purchase,0.72
2024-03-04,Works as expected,0.86
2023-08-24,As expected,0.52
2025-07-26,Bad service,0.21
2024-08-29,Great value,0.75
2025-05-22,Very good experience,0.74
2024-06-25,Adequate for now,0.53
2024-07-22,Perfect,0.87
2025-03-12,Works as expected,0.87
2025-07-03,Low quality,0.18
2025-05-14,Decent product,0.46
2025-03-06,Waste of money,0.17
2024-06-11,Delighted with the purchase,0.87
2025-05-05,No major issues,0.46
2024-11-17,Very useful,1.0
2025-01-27,Neither good nor bad,0.53
2025-06-27,Remarkable improvement,0.75
2025-07-02,Standard quality,0.54
2023-11-26,I didn't like it,0.07
2025-07-11,Very useful,0.91
2024-01-20,Amazing product,0.94
2024-12-21,Average experience,0.45
2024-12-01,Delighted with the purchase,0.93
2024-03-09,Never again,0.18
2025-01-10,I would buy again,0.92
2025-06-24,As described,0.6
2024-10-31,Remarkable improvement,0.83
2024-12-10,Amazing product,0.79
2023-12-25,No major issues,0.45
2025-07-06,As expected,0.45
2025-04-23,Super friendly staff,0.84
2025-05-11,Defective item,0.18
2024-11-01,Not worth the price,0.17
2024-11-21,Poor support,0.22
2024-11-25,Amazing product,0.85
2025-06-05,Remarkable improvement,0.97
2024-12-31,Satisfactory,0.48
2024-11-15,Perfect,1.0
2024-04-19,Great value,0.9
2025-02-26,I would buy again,0.78
2024-04-15,I would buy again,0.76
2025-08-15,Works as expected,0.89
2024-10-13,Super friendly staff,0.83
2024-10-21,Works as expected,0.91
2024-09-24,Disappointed,0.19
2025-08-04,Delighted with the purchase,0.84
2024-09-15,Fair price,0.45
2024-06-23,Late delivery,0.03
2025-02-24,Not worth the price,0.11
2025-05-01,Poor support,0.22
2024-04-03,Five stars,0.87
2023-09-21,Top quality,0.75
2024-02-08,It didn't work,0.16
2025-05-21,Decent product,0.52
2025-04-20,Nothing special,0.45
2023-11-16,Neutral overall,0.51
2024-12-07,Highly recommended,0.85
2024-09-14,Super friendly staff,0.76
2024-07-22,Top quality,0.88
2024-06-02,Late delivery,0.19
2024-05-07,Poor support,0.24
2023-09-11,I don't recommend it,0.23
2024-08-15,Everything was fine,0.74
2025-06-20,Excellent service,0.77
2024-05-02,Excellent service,0.89
2025-05-20,I would buy again,0.89
2024-12-19,Serviceable,0.53
2024-04-02,Satisfactory,0.6
2024-09-03,Will recommend to friends,0.9
2023-12-18,Low quality,0.24
2024-07-06,Excellent service,0.93
2024-07-07,Decent product,0.54
2024-10-02,Bad service,0.12
2023-11-08,Works fine,0.55
2023-12-05,Acceptable,0.45
2025-07-23,As described,0.49
2025-03-24,Misleading description,0.11
2025-02-18,Fast delivery,0.86
2023-11-01,Standard quality,0.6
2023-09-04,Poor support,0.0
2023-12-09,Fast delivery,0.9
2025-06-03,Stopped working quickly,0.02
2025-08-16,Exceeded my expectations,0.81
2025-02-07,Horrible experience,0.24
2025-05-14,Not worth the price,0.16
2024-12-30,Serviceable,0.44
2024-05-23,Amazing product,0.79
2023-11-19,Super friendly staff,0.9
2024-04-28,Disappointed,0.09
2025-05-08,Standard quality,0.51
2023-09-21,Standard quality,0.5
2024-02-25,Fair price,0.46
2024-05-13,Will recommend to friends,1.0
2025-08-10,Not worth the price,0.2
2023-09-02,Meets basic needs,0.4
2023-11-18,Works as expected,0.86
2025-01-04,Works fine,0.46
2025-07-30,Could be better,0.55
2024-11-23,Too expensive,0.09
2024-06-19,Amazing product,0.84
2024-07-01,Fair price,0.53
2024-12-19,Fair price,0.55
2024-10-31,Not worth the price,0.05
2024-07-26,Super friendly staff,0.82
2024-05-26,Amazing product,0.81
2023-12-24,Arrived broken,0.1
2023-12-23,Low quality,0.29
2024-03-06,Five stars,0.88
2024-06-01,Defective item,0.05
2025-04-25,Very good experience,0.92
2024-03-08,Fast delivery,1.0
2024-02-22,Impressive performance,0.93
2023-12-30,I loved it,0.73
2025-03-11,I would buy again,0.81
2025-06-06,Poor support,0.25
2023-12-06,Disappointed,0.09
2024-06-09,No major issues,0.53
2024-08-05,I loved it,0.91
2024-05-07,Poor support,0.08
2023-12-17,Never again,0.15
2025-01-07,I loved it,0.7
2024-01-25,Delighted with the purchase,0.77
2024-06-29,Amazing product,0.83
2023-12-22,Adequate for now,0.43
2025-05-04,Plain packaging,0.6
2024-04-10,Never again,0.04
2024-11-26,Waste of money,0.11
2025-04-16,Waste of money,0.16
2025-03-27,Plain packaging,0.59
2023-12-02,Bad service,0.04
2025-05-24,Everything was fine,0.94
2024-01-30,Impressive performance,0.85
2023-11-07,Works as expected,0.77
2024-11-26,Could be better,0.53
2024-06-16,Perfect,0.87
2025-08-15,Super friendly staff,0.8
2023-11-03,Satisfactory,0.5
2025-05-24,Meets basic needs,0.48
2024-10-31,Amazing product,0.86
2025-06-16,Highly recommended,0.9
2024-01-15,Exceeded my expectations,0.98
2024-07-02,Serviceable,0.43
2024-06-13,Super friendly staff,1.0
2025-07-28,Top quality,0.7
2024-05-27,Could be better,0.49
2024-11-13,I loved it,0.9
2024-11-07,Unacceptable,0.17
2024-05-05,Amazing product,0.8
2025-07-13,Disappointed,0.13
2025-04-15,Horrible experience,0.11
2025-04-04,Exceeded my expectations,0.8
2024-12-16,No major issues,0.55
2024-06-02,Delighted with the purchase,0.88
2024-11-11,Could be better,0.46
2023-11-24,Adequate for now,0.55
2024-07-29,Very good experience,0.87
2024-02-03,Five stars,0.92
2024-06-13,Decent product,0.54
2025-03-08,Everything was fine,0.78
2024-07-10,Very good experience,0.81
2024-10-09,Very bad,0.21
2025-06-26,Stopped working quickly,0.2
2024-10-19,Remarkable improvement,0.85
2024-08-27,Could be better,0.51
2025-05-24,I loved it,0.95
2024-03-18,I would buy again,0.8
2024-06-12,Five stars,0.89
2023-12-25,Will recommend to friends,0.83
2024-04-24,Waste of money,0.13
2025-03-09,Works as expected,0.94
2023-11-26,Very good experience,0.92
2024-12-07,It didn't work,0.22
2025-01-14,Waste of money,0.25
2025-01-25,Late delivery,0.15
2024-12-29,I didn't like it,0.2
2024-12-02,Decent product,0.48
2024-03-05,Defective item,0.18
2024-01-09,Horrible experience,0.14
2024-10-20,Remarkable improvement,0.86
2024-05-22,Waste of money,0.2
2024-06-23,Disappointed,0.08
2025-06-28,Neutral overall,0.6
2024-11-22,Fair price,0.44
2024-07-28,As expected,0.43
2024-09-12,Standard quality,0.57
2024-03-03,I didn't like it,0.21
2025-03-30,Works as expected,0.9
2023-10-06,Five stars,0.9
2025-08-14,Never again,0.15
2024-09-21,It didn't work,0.08
2025-01-11,It didn't work,0.16
2025-01-18,Arrived broken,0.1
2023-12-03,Stopped working quickly,0.23
2023-12-03,No major issues,0.49
2023-09-07,Late delivery,0.08
2025-06-23,Too expensive,0.12
2024-12-15,Horrible experience,0.18
2024-08-03,Decent product,0.47
2025-06-18,Great value,0.78
2025-07-13,Never again,0.17
2024-07-12,Could be better,0.51
2025-02-27,Everything was fine,0.81
2024-04-19,Acceptable,0.47
2024-04-11,Late delivery,0.17
2023-12-01,Terrible,0.03
2024-11-19,Perfect,0.74
2023-09-21,I loved it,0.79
2024-06-18,Works as expected,0.83
2024-01-19,Works as expected,0.87
2025-03-24,Neither good nor bad,0.59
2024-02-13,Will recommend to friends,0.92
2024-09-17,Works fine,0.49
2025-01-13,It didn't work,0.15
2024-04-16,Satisfactory,0.44
2024-12-05,Excellent service,0.85
2024-12-11,Not worth the price,0.13
2024-01-31,Fast delivery,0.88
2025-04-15,Works as expected,0.78
2025-07-29,Perfect,0.89
2024-03-13,Poor support,0.27
2023-12-10,Delighted with the purchase,0.84
2024-08-24,Acceptable,0.52
2023-09-14,Never again,0.21
2024-05-30,I loved it,0.82
2025-05-04,Waste of money,0.17
2024-04-14,Fair price,0.5
2024-04-03,Plain packaging,0.51
2024-05-05,Neutral overall,0.45
2025-05-27,I loved it,0.85
2024-07-04,I don't recommend it,0.19
2025-04-07,I would buy again,0.97
2023-11-23,Arrived broken,0.23
2024-10-21,I would buy again,1.0
2025-02-25,Misleading description,0.09
2025-02-16,Satisfactory,0.55
2024-02-07,Five stars,0.86
2024-06-20,Arrived broken,0.3
2023-12-18,Average experience,0.45
2024-01-14,I didn't like it,0.08
2025-07-15,Never again,0.1
2025-03-15,Top quality,0.7
2023-09-06,Very good experience,0.81
2024-11-30,Highly recommended,0.79
2025-04-12,Fast delivery,0.86
2023-12-11,Could be better,0.52
2023-09-17,As expected,0.6
2024-07-23,I didn't like it,0.23
2025-06-16,Super friendly staff,0.8
2025-08-09,Works as expected,0.78
2023-12-20,I loved it,0.89
2024-06-29,Terrible,0.04
2023-11-30,Impressive performance,1.0
2024-01-08,Fast delivery,0.94
2025-07-09,Not worth the price,0.11
2024-10-25,Neutral overall,0.4
2024-10-20,Could be better,0.58
2025-05-14,Highly recommended,0.84
2023-09-25,Meets basic needs,0.57
2024-11-19,Amazing product,0.72
2024-08-28,Fast delivery,0.8
2025-03-02,Misleading description,0.15
2023-10-24,Very useful,0.85
2023-12-26,Stopped working quickly,0.11
2023-11-24,Plain packaging,0.54
2023-09-13,Great value,0.76
2024-04-28,Disappointed,0.14
2024-03-20,Impressive performance,0.86
2024-03-22,Works fine,0.53
2024-07-24,Unacceptable,0.21
2023-08-25,I would buy again,0.76
2024-01-03,Neither good nor bad,0.41
2023-12-13,Nothing special,0.58
2024-01-04,Amazing product,0.88
2025-04-16,Exceeded my expectations,0.79
2024-05-20,Works as expected,0.97
2025-02-11,Everything was fine,0.86
2024-12-22,Fast delivery,0.94
2025-01-29,No major issues,0.5
2025-01-19,Will recommend to friends,1.0
2023-10-06,Defective item,0.29
2024-06-26,Nothing special,0.49
2023-10-24,Never again,0.23
2024-11-01,Could be better,0.54
2025-08-21,Too expensive,0.26
2023-11-13,I would buy again,0.77
2023-10-29,Will recommend to friends,0.9
2025-06-01,Standard quality,0.56
2024-09-16,Defective item,0.01
2024-06-19,Plain packaging,0.43
2024-11-05,Very good experience,0.7
2025-06-23,As expected,0.48
2024-03-30,Amazing product,0.91
2024-10-19,Super friendly staff,0.97
2024-10-04,Very good experience,0.86
2024-07-08,Highly recommended,0.98
2024-09-09,Poor support,0.04
2023-10-30,Everything was fine,0.71
2023-11-26,Fast delivery,0.85
2024-01-03,Serviceable,0.52
2025-03-20,As described,0.5
2024-10-16,Works as expected,0.7
2023-10-14,Unacceptable,0.14
2024-07-07,Delighted with the purchase,0.75
2025-01-23,Five stars,0.9
2024-04-08,Misleading description,0.18
2025-03-14,Highly recommended,0.77
2025-04-01,Works as expected,0.81
2025-03-19,Unacceptable,0.07
2025-05-12,As expected,0.5
2023-09-18,Satisfactory,0.56
2023-09-21,Perfect,0.77
2024-08-04,Exceeded my expectations,0.89
2024-01-16,Decent product,0.47
2023-11-02,Excellent service,0.79
2023-11-24,Bad service,0.14
2024-09-11,Great value,0.77
2024-01-31,Great value,0.81
2025-03-26,It's okay,0.43
2024-01-29,Will recommend to friends,1.0
2023-10-12,Satisfactory,0.5
2024-11-18,Could be better,0.46
2025-05-05,Highly recommended,0.87
2024-03-30,Terrible,0.14
2024-08-10,Perfect,0.83
2025-07-17,Could be better,0.54
2025-02-12,It's okay,0.55
2024-04-04,Will recommend to friends,0.81
2023-10-18,Perfect,0.8
2024-03-26,Horrible experience,0.13
2024-06-14,Excellent service,0.7
2025-01-13,Low quality,0.03
2024-01-02,Amazing product,0.96
2025-01-16,Fair price,0.6
2023-11-04,I loved it,0.83
2024-11-11,Everything was fine,0.9
2024-07-08,Serviceable,0.52
2024-10-10,Late delivery,0.3
2024-06-14,Excellent service,0.94
2024-07-20,Will recommend to friends,0.84
2024-12-06,Misleading description,0.07
2023-11-21,Very good experience,0.72
2024-04-28,Top quality,0.87
2025-02-09,Perfect,0.79
2024-08-04,Exceeded my expectations,0.74
2023-11-09,As described,0.46
2025-02-16,Fair price,0.44
2024-08-16,It didn't work,0.28
2024-04-20,Highly recommended,0.92
2024-03-12,I would buy again,0.85
2025-06-24,Five stars,0.97
2024-12-10,Disappointed,0.16
2024-11-24,Serviceable,0.45
2025-06-11,Plain packaging,0.59
2024-07-18,Arrived broken,0.19
2024-01-24,Five stars,0.77
2024-11-17,Satisfactory,0.49
2025-04-19,Remarkable improvement,0.78
2023-11-06,Super friendly staff,0.74
2023-09-30,Perfect,0.92
2023-11-09,Average experience,0.6
2025-05-13,Decent product,0.42
2024-12-08,It's okay,0.53
2024-11-25,Disappointed,0.1
2025-06-20,Will recommend to friends,0.81
2024-12-22,It's okay,0.46
2024-11-26,Great value,0.78
2023-11-17,Neither good nor bad,0.5
2023-10-02,Super friendly staff,0.78
2024-11-14,Plain packaging,0.52
2024-02-01,Perfect,0.85
2024-09-22,Great value,0.83
2025-07-18,Standard quality,0.45
2023-10-29,Impressive performance,0.8
2025-07-17,Highly recommended,0.91
2025-06-25,Unacceptable,0.19
2024-01-23,Delighted with the purchase,0.77
2025-07-02,Fast delivery,0.86
2024-07-05,Never again,0.21
2024-01-02,Average experience,0.4
2024-07-05,Standard quality,0.53
2023-12-31,Unremarkable,0.46
2023-11-26,Adequate for now,0.53
2025-01-24,Fast delivery,0.79
2024-07-04,Very useful,0.71
2024-08-06,Poor support,0.02
2024-03-06,I would buy again,0.85
2024-01-28,Very good experience,0.87
2025-01-23,Defective item,0.08
2023-09-30,Plain packaging,0.54
2024-01-04,Neutral overall,0.4
2024-02-05,Will recommend to friends,0.84
2024-02-08,I don't recommend it,0.05
2024-10-16,Amazing product,0.8
2024-11-19,No major issues,0.5
2024-04-18,Acceptable,0.45
2024-12-15,Bad service,0.12
2024-09-02,Serviceable,0.56
2024-11-16,Acceptable,0.47
2024-09-17,Adequate for now,0.55
2024-02-04,Unacceptable,0.06
2024-01-11,I don't recommend it,0.19
2025-06-09,Fair price,0.59
2025-03-12,Defective item,0.0
2023-12-28,Exceeded my expectations,0.79
2024-05-28,Remarkable improvement,0.9
2024-01-20,Too expensive,0.13
2024-04-06,Misleading description,0.18
2023-09-19,Top quality,0.8
2025-01-18,Top quality,0.86
2023-11-14,Excellent service,0.84
2024-07-14,Arrived broken,0.24
2024-01-19,Perfect,0.87
2024-12-18,Neutral overall,0.52
2025-08-14,Plain packaging,0.48
2023-08-28,Very bad,0.11
2024-05-11,I would buy again,0.82
2025-03-06,Unacceptable,0.18
2025-02-13,Perfect,0.82
2024-04-22,I loved it,0.87
2024-04-23,Will recommend to friends,1.0
2024-12-03,Five stars,0.92
2025-04-25,Unremarkable,0.48
2025-04-02,I would buy again,0.95
2024-06-16,Will recommend to friends,0.82
2024-08-18,Works as expected,0.7
2024-03-01,Average experience,0.44
2025-02-09,Too expensive,0.0
2025-02-11,Unremarkable,0.48
2025-03-12,Five stars,0.85
2023-10-06,Fair price,0.6
2024-05-08,Misleading description,0.18
2023-10-31,Very good experience,0.83
2025-04-09,Arrived broken,0.22
2024-01-06,Impressive performance,0.7
2024-08-03,Low quality,0.17
2025-07-24,Could be better,0.55
2025-05-30,I would buy again,0.73
2023-10-26,Stopped working quickly,0.24
2023-09-29,I loved it,0.88
2024-03-14,Arrived broken,0.12
2024-07-05,As expected,0.54
2024-12-19,Very useful,1.0
2024-06-10,I loved it,0.86
2025-06-24,Very good experience,0.87
2024-09-02,Top quality,0.81
2024-11-15,Never again,0.08
2024-08-04,Poor support,0.22
2025-07-31,Unremarkable,0.45
2024-05-22,Late delivery,0.16
2023-11-11,Exceeded my expectations,0.81
2025-03-03,Very good experience,0.89
2023-11-12,Perfect,0.88
2024-07-01,Works as expected,0.93
2024-02-09,Fair price,0.47
2024-11-22,Fast delivery,0.83
2025-05-13,Horrible experience,0.07
2025-06-07,I don't recommend it,0.11
2023-11-07,Decent product,0.52
2024-08-29,Neither good nor bad,0.55
2023-09-23,Will recommend to friends,0.78
2025-07-17,I don't recommend it,0.22
2023-12-30,Fast delivery,0.96
2024-08-27,Delighted with the purchase,0.88
2023-09-25,No major issues,0.6
2024-09-05,Everything was fine,0.79
2025-04-01,Fast delivery,0.75
2024-10-03,Highly recommended,0.71
2024-05-04,Very bad,0.27
2024-02-29,Decent product,0.54
2025-03-20,Highly recommended,0.85
2025-08-12,Will recommend to friends,0.87
2024-06-10,Could be better,0.43
2024-03-14,Everything was fine,1.0
2024-11-27,Super friendly staff,0.86
2023-11-20,Arrived broken,0.16
2025-07-06,Everything was fine,0.91
2025-03-08,Acceptable,0.53
2024-01-31,Low quality,0.17
2024-08-27,As described,0.45
2024-03-15,I didn't like it,0.19
2025-01-09,Impressive performance,1.0
2025-03-31,Impressive performance,0.96
2024-01-02,Average experience,0.6
2023-10-29,Five stars,0.81
2025-02-11,Works as expected,0.77
2025-04-02,Great value,0.84
2025-06-10,Super friendly staff,0.85
2025-07-19,Neutral overall,0.57
2025-03-09,Neither good nor bad,0.4
2024-01-02,I loved it,0.97
2023-12-28,Acceptable,0.49
2024-02-07,Amazing product,0.82
2024-08-11,Defective item,0.07
2024-06-08,Horrible experience,0.02
2024-03-11,As expected,0.55
2024-05-30,Perfect,0.86
2025-05-13,Unremarkable,0.42
2025-06-09,Delighted with the purchase,0.75
2024-01-27,Will recommend to friends,0.82
2025-05-03,Delighted with the purchase,0.98
2023-10-04,Very bad,0.13
2023-11-14,Delighted with the purchase,0.73
2024-05-20,Serviceable,0.49
2024-10-22,Nothing special,0.48
2025-01-13,Not worth the price,0.0
2024-06-14,Acceptable,0.5
2024-12-29,Top quality,0.83
2024-06-22,It's okay,0.54
2024-01-31,Five stars,1.0
2024-12-10,Will recommend to friends,0.94
2024-01-17,Great value,0.83
2024-08-10,It didn't work,0.06
2024-09-05,As described,0.6
2024-07-14,Very good experience,0.85
2024-05-22,I would buy again,0.85
2023-11-30,Top quality,0.85
2025-05-14,Exceeded my expectations,0.87
2024-07-23,Arrived broken,0.14
2024-03-04,Poor support,0.1
2025-01-31,Acceptable,0.47
2025-01-13,Top quality,0.85
2025-01-21,Works fine,0.47
2024-03-30,It's okay,0.46
2023-10-13,Will recommend to friends,0.86
2025-06-22,Acceptable,0.48
2025-02-22,Very good experience,0.97
2024-11-06,Highly recommended,0.7
2024-08-31,Misleading description,0.24
2023-10-08,Delighted with the purchase,0.95
2025-03-20,Impressive performance,0.7
2024-06-13,Remarkable improvement,0.82
2024-11-26,Horrible experience,0.12
2025-05-22,As described,0.42
2024-01-01,Never again,0.09
2024-09-08,Arrived broken,0.06
2025-03-16,It didn't work,0.29
2024-03-13,Decent product,0.56
2025-01-16,I loved it,0.95
2024-01-10,Poor support,0.21
2025-02-04,Plain packaging,0.43
2025-01-31,Will recommend to friends,0.81
2024-07-14,Will recommend to friends,0.89
2024-06-24,Unremarkable,0.43
2025-01-25,Serviceable,0.54
2024-06-24,Nothing special,0.49
2024-09-03,Very good experience,0.82
2024-10-22,Nothing special,0.54
2025-04-25,Serviceable,0.53
2025-04-05,I loved it,0.82
2025-04-11,Unremarkable,0.57
2025-05-28,Never again,0.06
2024-01-21,I didn't like it,0.2
2023-09-24,As described,0.54
2024-03-05,Great value,0.83
2024-10-24,Very useful,0.88
2024-10-16,Plain packaging,0.42
2024-12-17,I don't recommend it,0.22
2025-08-14,Very useful,0.84
2025-03-19,Five stars,0.81
2025-02-11,Exceeded my expectations,0.93
2024-12-05,Arrived broken,0.09
2025-03-04,Highly recommended,0.74
2025-05-08,Works fine,0.41
2024-06-03,Works fine,0.54
2024-06-22,Bad service,0.05
2025-07-29,Arrived broken,0.29
2024-12-26,Highly recommended,0.7
2024-06-12,Impressive performance,0.99
2024-09-14,Never again,0.17
2024-08-10,It didn't work,0.14
2024-06-15,Everything was fine,0.81
2024-08-11,Horrible experience,0.18
2024-12-25,Impressive performance,0.85
2024-05-26,Horrible experience,0.24
2024-01-10,Delighted with the purchase,0.86
2024-04-24,Remarkable improvement,0.86
2024-04-10,It's okay,0.48
2023-12-03,Five stars,0.85
2023-12-03,Neutral overall,0.52
2023-08-28,Low quality,0.01
2024-10-12,Could be better,0.42
2024-12-23,Acceptable,0.54
2024-07-16,I loved it,0.86
2023-11-22,Works fine,0.49
2025-02-20,I don't recommend it,0.15
2024-02-18,Exceeded my expectations,0.88
2023-09-29,Never again,0.11
2025-01-11,Perfect,0.79
2023-09-30,Delighted with the purchase,0.87
2025-05-01,Great value,0.77
2024-06-09,As expected,0.52
2025-02-09,Neutral overall,0.4
2025-01-20,Meets basic needs,0.56
2023-12-16,Super friendly staff,0.89
2025-06-16,Exceeded my expectations,0.87
2023-09-06,Waste of money,0.23
2025-03-26,Meets basic needs,0.6
2024-02-18,Decent product,0.56
2024-11-02,Average experience,0.4
2024-10-06,Neither good nor bad,0.42
2024-01-13,Works fine,0.46
2023-08-29,Amazing product,0.85
2024-11-22,Arrived broken,0.19
2024-06-27,Serviceable,0.46
2023-09-03,Fast delivery,0.86
2025-08-01,Very good experience,0.79
2024-12-11,Top quality,0.8
2025-07-25,Acceptable,0.42
2025-07-29,Perfect,0.78
2024-09-02,Works fine,0.42
2024-01-06,No major issues,0.44
2025-05-04,Impressive performance,0.93
2024-12-17,Bad service,0.07
2024-05-02,Plain packaging,0.6
2023-11-14,Unremarkable,0.53
2025-08-12,Delighted with the purchase,0.86
2023-12-15,Impressive performance,0.78
2025-01-21,Impressive performance,0.91
2024-01-23,Remarkable improvement,0.8
2024-11-17,Very useful,0.86
2025-04-11,Unremarkable,0.6
2024-11-21,Stopped working quickly,0.14
2024-01-05,No major issues,0.57
2025-03-22,Super friendly staff,0.79
2025-07-11,Very bad,0.15
2024-10-01,Excellent service,0.99
2024-04-02,It's okay,0.46
2024-10-29,Everything was fine,0.99
2025-02-27,Too expensive,0.21
2024-12-18,Works as expected,0.81
2024-02-23,Late delivery,0.2
2024-09-09,Never again,0.23
2024-11-24,Never again,0.2
2024-09-10,Impressive performance,0.72
2024-01-06,Fair price,0.46
2023-12-22,Impressive performance,0.83
2024-09-28,Works fine,0.5
2023-08-26,Waste of money,0.2
2024-12-09,As expected,0.51
2024-10-30,Works fine,0.42
2024-05-02,Neutral overall,0.52
2024-05-31,Very good experience,0.9
2023-09-24,Late delivery,0.19
2025-05-13,Very bad,0.24
2024-04-25,Very good experience,0.92
2025-04-22,Will recommend to friends,0.89
2025-07-11,I don't recommend it,0.14
2024-04-29,Never again,0.02
2024-11-14,Very useful,0.88
2023-10-19,Perfect,0.87
2024-04-18,Disappointed,0.17
2024-07-14,Standard quality,0.42
2024-04-21,I would buy again,0.76
2025-06-29,Adequate for now,0.56
2024-06-25,Impressive performance,0.85
2025-04-19,Low quality,0.2
2025-05-25,As expected,0.5
2025-01-11,Fast delivery,0.85
2025-06-11,Unremarkable,0.56
2024-07-14,Adequate for now,0.47
2024-01-22,Exceeded my expectations,0.86
2025-02-23,Works fine,0.47
2024-06-25,It didn't work,0.12
2024-12-09,Not worth the price,0.13
2024-10-18,Not worth the price,0.17
2025-02-15,Amazing product,0.81
2024-05-10,Everything was fine,0.95
2024-11-25,Too expensive,0.08
2025-02-21,Bad service,0.14
2023-10-14,Will recommend to friends,0.81
2025-05-01,Everything was fine,0.97
2024-03-02,Disappointed,0.17
2025-07-10,Could be better,0.56
2024-03-23,Arrived broken,0.03
2024-06-28,Very bad,0.17
2024-03-26,Terrible,0.22
2024-12-25,Unacceptable,0.16
2025-08-12,Amazing product,0.94
2025-03-10,Perfect,0.81
2024-09-15,Fair price,0.58
2024-07-03,Remarkable improvement,1.0
2025-01-13,Could be better,0.48
2024-07-15,Misleading description,0.11
2024-07-08,Delighted with the purchase,0.97
2024-04-05,Very bad,0.28
2024-05-16,Serviceable,0.47
2025-04-07,Waste of money,0.12
2024-01-26,Amazing product,0.83
2024-09-14,Works fine,0.42
2025-01-15,Standard quality,0.44
2024-05-12,Poor support,0.07
2025-06-10,Stopped working quickly,0.09
2024-02-11,Misleading description,0.15
2024-02-12,Impressive performance,0.87
2025-01-04,Impressive performance,0.97
2025-06-10,Defective item,0.07
2023-09-26,Too expensive,0.23
2025-07-07,Excellent service,0.83
2024-10-18,Amazing product,0.85
2023-10-31,Very bad,0.2
2024-04-02,Fair price,0.43
2023-10-23,Plain packaging,0.52
2024-12-29,Nothing special,0.51
2023-08-29,Adequate for now,0.53
2023-09-04,Highly recommended,0.87
2025-02-21,Very bad,0.3
2025-01-18,Late delivery,0.1
2024-02-22,Very good experience,0.81
2025-02-09,Very useful,0.8
2025-05-18,Fair price,0.47
2024-05-22,Too expensive,0.1
2024-09-08,Stopped working quickly,0.25
2025-03-23,Amazing product,0.96
2024-06-25,Average experience,0.47
2025-06-22,I don't recommend it,0.08
2023-11-26,Top quality,0.89
2025-03-10,Nothing special,0.47
2025-08-11,Five stars,0.9
2024-11-09,Standard quality,0.51
2025-03-24,Terrible,0.03
2025-02-13,I didn't like it,0.27
2024-03-26,Disappointed,0.29
2024-12-21,Everything was fine,0.8
2025-07-23,Not worth the price,0.12
2025-03-22,Neither good nor bad,0.52
2024-07-10,Very useful,0.88
2025-04-15,Top quality,0.9
2023-11-09,Delighted with the purchase,1.0
2024-04-25,Decent product,0.49
2025-07-16,Arrived broken,0.09
2024-09-19,It didn't work,0.04
2025-07-28,Defective item,0.09
2024-08-11,Works as expected,0.85
2024-04-16,Arrived broken,0.29
2025-05-03,Unacceptable,0.11
2024-10-02,Arrived broken,0.17
2023-09-22,No major issues,0.5
2025-01-06,Impressive performance,0.95
2024-09-10,Delighted with the purchase,1.0
2025-06-29,Will recommend to friends,0.81
2024-06-20,Too expensive,0.11
2023-11-15,Top quality,0.93
2025-08-20,It didn't work,0.2
2024-09-24,Very good experience,1.0
2023-11-24,Perfect,0.9
2024-11-20,Highly recommended,0.82
2023-12-05,Exceeded my expectations,0.9
2024-11-06,Impressive performance,0.94
2025-01-28,Excellent service,0.92
2023-11-22,Everything was fine,0.89
2025-04-25,Standard quality,0.56
2024-09-20,Works as expected,0.94
2024-09-23,Not worth the price,0.26
2024-04-27,Neither good nor bad,0.54
2025-07-24,I would buy again,0.84
2024-05-24,Five stars,0.86
2024-01-19,Works as expected,0.95
2024-05-31,Five stars,0.78
2023-11-09,Amazing product,0.88
2025-05-24,Plain packaging,0.48
2024-03-10,Neutral overall,0.5
2024-06-29,Top quality,0.95
2024-07-28,Never again,0.17
2024-07-25,Works as expected,0.85
2025-06-19,It didn't work,0.04
2024-06-25,Very useful,0.91
2024-12-25,Top quality,0.9
2024-07-14,Five stars,1.0
2025-04-03,Arrived broken,0.13
2024-09-11,Top quality,0.87
2024-08-30,Delighted with the purchase,0.87
2024-03-14,As expected,0.59
2024-02-23,As expected,0.49
2023-09-19,Stopped working quickly,0.17
2025-08-17,Perfect,0.9
2025-08-01,Works as expected,0.86
2025-07-12,Acceptable,0.47
2024-04-26,I would buy again,0.87
2024-10-29,Too expensive,0.24
2024-11-24,Poor support,0.07
2025-04-10,Remarkable improvement,0.86
2025-07-31,I loved it,0.79
2024-08-25,Not worth the price,0.25
2025-04-22,Average experience,0.41
2023-12-12,Misleading description,0.11
2024-02-09,It's okay,0.52
2025-03-21,Never again,0.28
2024-07-27,Late delivery,0.14
2023-12-09,Highly recommended,0.81
2024-04-06,Unremarkable,0.6
2025-03-16,Serviceable,0.41
2024-04-05,Top quality,0.7
2024-12-09,Disappointed,0.19
2025-07-30,Fair price,0.47
2023-09-17,Acceptable,0.44
2024-10-21,Too expensive,0.21
2023-12-19,It didn't work,0.17
2024-08-13,Super friendly staff,0.8
2024-03-21,Fair price,0.42
2024-12-22,Super friendly staff,0.92
2024-07-14,I loved it,0.9
2025-08-19,Great value,0.84
2025-06-16,Exceeded my expectations,1.0
2024-04-28,As expected,0.44
2024-02-02,Works as expected,0.73
2024-12-08,Top quality,0.79
2025-05-28,Works as expected,0.85
2024-10-01,Will recommend to friends,0.87
2024-03-12,Works as expected,0.83
2024-09-24,Very useful,0.88
2024-03-20,Everything was fine,0.75
2025-04-05,Impressive performance,0.97
2024-03-01,Very useful,0.84
2024-12-03,Five stars,0.94
2025-02-13,Arrived broken,0.18
2025-04-25,Top quality,0.89
2025-04-15,Fast delivery,0.9
2024-12-03,Acceptable,0.53
2025-05-13,Neutral overall,0.54
2024-07-08,Perfect,0.96
2023-12-20,I would buy again,0.87
2025-01-27,Will recommend to friends,0.91
2024-01-11,Adequate for now,0.49
2024-02-29,As expected,0.59
2025-08-02,Low quality,0.1
2025-03-13,Perfect,0.99
2024-01-13,Super friendly staff,0.85
2025-05-18,Fast delivery,0.74
2023-09-01,Meets basic needs,0.51
2024-09-19,Defective item,0.1
2025-06-21,Could be better,0.55
2024-10-21,Stopped working quickly,0.1
2025-01-04,Delighted with the purchase,0.81
2023-09-23,I didn't like it,0.0
2024-06-17,Amazing product,0.81
2025-02-23,Super friendly staff,0.7
2025-03-24,Poor support,0.02
2025-03-07,Serviceable,0.55
2023-12-17,Impressive performance,0.91
2024-09-01,It's okay,0.53
2024-11-16,Adequate for now,0.44
2023-12-05,I didn't like it,0.15
2024-06-22,I don't recommend it,0.15
2024-11-25,Everything was fine,0.76
2024-11-14,Terrible,0.27
2024-04-21,Delighted with the purchase,0.92
2025-07-28,Will recommend to friends,0.83
2025-05-31,Will recommend to friends,0.85
2024-01-12,Bad service,0.17
2023-10-22,As expected,0.4
2024-06-05,Neither good nor bad,0.49
2024-07-19,Waste of money,0.1
2024-06-14,Unremarkable,0.44
2025-07-18,It didn't work,0.13
2024-10-17,Horrible experience,0.29
2025-06-24,I would buy again,0.9
2024-05-04,Great value,0.8
2024-05-02,Never again,0.2
